"Tanggal","Temperatur Maksimum (Â°C)"
"2005-01-01","27.8"
"2005-01-02","29.1"
"2005-01-03","28.6"
"2005-01-04","28.4"
"2005-01-05","27.8"
"2005-01-06","27.2"
"2005-01-07","26.2"
"2005-01-08","28.2"
"2005-01-09","28"
"2005-01-10","29.2"
"2005-01-11","29.6"
"2005-01-12","29.2"
"2005-01-13","29.2"
"2005-01-14","30.1"
"2005-01-15","30"
"2005-01-16","29.6"
"2005-01-17","25.6"
"2005-01-18","25.6"
"2005-01-19","25.6"
"2005-01-20","28"
"2005-01-21","28"
"2005-01-22","28.6"
"2005-01-23","27.4"
"2005-01-24","25.8"
"2005-01-25","27.8"
"2005-01-26","28.4"
"2005-01-27","28"
"2005-01-28","28.4"
"2005-01-29","26.4"
"2005-01-30","27.4"
"2005-01-31","28.6"
"2005-02-01","29.3"
"2005-02-02","29.8"
"2005-02-03","30.5"
"2005-02-04","29.8"
"2005-02-05","29.7"
"2005-02-06","28.8"
"2005-02-07","29.7"
"2005-02-08","28.4"
"2005-02-09","29.4"
"2005-02-10","29.6"
"2005-02-11","25.4"
"2005-02-12","28"
"2005-02-13","26.3"
"2005-02-14","29.8"
"2005-02-15","27.8"
"2005-02-16","29"
"2005-02-17","29.4"
"2005-02-18","27.4"
"2005-02-19","28"
"2005-02-20","29.4"
"2005-02-21","26.6"
"2005-02-22","27.4"
"2005-02-23","28.5"
"2005-02-24","29.6"
"2005-02-25","28"
"2005-02-26","28.5"
"2005-02-27","26.4"
"2005-02-28","27.4"
"2005-03-01","29.6"
"2005-03-02","29"
"2005-03-03","28.6"
"2005-03-04","28.7"
"2005-03-05","28.8"
"2005-03-06","26.1"
"2005-03-07","29.3"
"2005-03-08","29.2"
"2005-03-09","29.4"
"2005-03-10","30"
"2005-03-11","30.2"
"2005-03-12","31"
"2005-03-13","30.4"
"2005-03-14","31"
"2005-03-15","29.4"
"2005-03-16","29.9"
"2005-03-17","29.4"
"2005-03-18","27.4"
"2005-03-19","29"
"2005-03-20","29.6"
"2005-03-21","30.5"
"2005-03-22","28.2"
"2005-03-23","26"
"2005-03-24","28.4"
"2005-03-25","28.2"
"2005-03-26","25.8"
"2005-03-27","26.8"
"2005-03-28","28"
"2005-03-29","27.5"
"2005-03-30","27.4"
"2005-03-31","28.5"
"2005-04-01","29.2"
"2005-04-02","29.6"
"2005-04-03","28"
"2005-04-04","28.6"
"2005-04-05","28.6"
"2005-04-06","29.3"
"2005-04-07","29.6"
"2005-04-08","29.6"
"2005-04-09","29.6"
"2005-04-10","30"
"2005-04-11","29.6"
"2005-04-12","30"
"2005-04-13","29.3"
"2005-04-14","27.6"
"2005-04-15","29.8"
"2005-04-16","31.2"
"2005-04-17","30.7"
"2005-04-18","28.6"
"2005-04-19","28.4"
"2005-04-20","28.9"
"2005-04-21","28.5"
"2005-04-22","26.2"
"2005-04-23","28.4"
"2005-04-24","30.8"
"2005-04-25","30.1"
"2005-04-26","29.4"
"2005-04-27","29"
"2005-04-28","28.8"
"2005-04-29","28.5"
"2005-04-30","29.4"
"2005-05-01","30.8"
"2005-05-02","29.2"
"2005-05-03","27.2"
"2005-05-04","29.2"
"2005-05-05","28.4"
"2005-05-06","29.4"
"2005-05-07","30.2"
"2005-05-08","30.6"
"2005-05-09","29.4"
"2005-05-10","30.2"
"2005-05-11","29.8"
"2005-05-12","28.2"
"2005-05-13","27.7"
"2005-05-14","28.8"
"2005-05-15","27.4"
"2005-05-16","29.8"
"2005-05-17","30.6"
"2005-05-18","29.2"
"2005-05-19","29.6"
"2005-05-20","28.6"
"2005-05-21","29.6"
"2005-05-22","29"
"2005-05-23","29"
"2005-05-24","29.6"
"2005-05-25","29.2"
"2005-05-26","29.8"
"2005-05-27","30.6"
"2005-05-28","29.2"
"2005-05-29","29"
"2005-05-30","29"
"2005-05-31","28.5"
"2005-06-01","28"
"2005-06-02","29.8"
"2005-06-03","27.4"
"2005-06-04","28.8"
"2005-06-05","27.6"
"2005-06-06","28.1"
"2005-06-07","28.2"
"2005-06-08","28.3"
"2005-06-09","29"
"2005-06-10","30"
"2005-06-11","29.8"
"2005-06-12","29.5"
"2005-06-13","29.6"
"2005-06-14","27.6"
"2005-06-15","26.6"
"2005-06-16","27.6"
"2005-06-17","28.4"
"2005-06-18","28.3"
"2005-06-19","28.9"
"2005-06-20","27.7"
"2005-06-21","28.6"
"2005-06-22","25.6"
"2005-06-23","29.4"
"2005-06-24","29"
"2005-06-25","29"
"2005-06-26","28.6"
"2005-06-27","28.2"
"2005-06-28","28.2"
"2005-06-29","30"
"2005-06-30","29.6"
"2005-07-01","29.8"
"2005-07-02","30.4"
"2005-07-03","28.8"
"2005-07-04","28.4"
"2005-07-05","29"
"2005-07-06","28.5"
"2005-07-07","25.4"
"2005-07-08","28.4"
"2005-07-09","28.6"
"2005-07-10","27"
"2005-07-11","28.4"
"2005-07-12","28"
"2005-07-13","29.2"
"2005-07-14","29.2"
"2005-07-15","27.4"
"2005-07-16","28.2"
"2005-07-17","24.4"
"2005-07-18","28.8"
"2005-07-19","28.3"
"2005-07-20","28.6"
"2005-07-21","28.6"
"2005-07-22","29"
"2005-07-23","29"
"2005-07-24","28.6"
"2005-07-25","28.6"
"2005-07-26","28.4"
"2005-07-27","29.2"
"2005-07-28","28.6"
"2005-07-29","29.8"
"2005-07-30","29.8"
"2005-07-31","29.3"
"2005-08-01","26.4"
"2005-08-02","26.6"
"2005-08-03","27"
"2005-08-04","29.8"
"2005-08-05","28.6"
"2005-08-06","29.6"
"2005-08-07","28.6"
"2005-08-08","29"
"2005-08-09","28"
"2005-08-10","29"
"2005-08-11","29.8"
"2005-08-12","29"
"2005-08-13","29.6"
"2005-08-14","30.2"
"2005-08-15","30.2"
"2005-08-16","29"
"2005-08-17","28.2"
"2005-08-18","29.2"
"2005-08-19","29"
"2005-08-20","29"
"2005-08-21","27.6"
"2005-08-22","30.6"
"2005-08-23","29.6"
"2005-08-24","28.1"
"2005-08-25","29.2"
"2005-08-26","29"
"2005-08-27","29"
"2005-08-28","29.4"
"2005-08-29","30.2"
"2005-08-30","30.6"
"2005-08-31","31"
"2005-09-01","30.2"
"2005-09-02","30.4"
"2005-09-03","30.6"
"2005-09-04","29.6"
"2005-09-05","30.3"
"2005-09-06","29.9"
"2005-09-07","30.6"
"2005-09-08","29.8"
"2005-09-09","29"
"2005-09-10","29.9"
"2005-09-11","30"
"2005-09-12","30"
"2005-09-13","29.6"
"2005-09-14","28.8"
"2005-09-15","29"
"2005-09-16","29.8"
"2005-09-17","28.2"
"2005-09-18","28.5"
"2005-09-19","26.4"
"2005-09-20","28.4"
"2005-09-21","28.4"
"2005-09-22","30.6"
"2005-09-23","30.6"
"2005-09-24","30.4"
"2005-09-25","28"
"2005-09-26","28.5"
"2005-09-27","29.4"
"2005-09-28","28.2"
"2005-09-29","28"
"2005-09-30","28.6"
"2005-10-01","30.2"
"2005-10-02","28.8"
"2005-10-03","30.2"
"2005-10-04","30"
"2005-10-05","29.6"
"2005-10-06","29.6"
"2005-10-07","31.6"
"2005-10-08","32"
"2005-10-09","31.6"
"2005-10-10","31.5"
"2005-10-11","29.2"
"2005-10-12","29.4"
"2005-10-13","28.2"
"2005-10-14","30.6"
"2005-10-15","29.8"
"2005-10-16","29.4"
"2005-10-17","27.6"
"2005-10-18","28"
"2005-10-19","28.8"
"2005-10-20","29.2"
"2005-10-21","28.8"
"2005-10-22","27"
"2005-10-23","27.6"
"2005-10-24","28.2"
"2005-10-25","29"
"2005-10-26","29.2"
"2005-10-27","29.6"
"2005-10-28","28.2"
"2005-10-29","28"
"2005-10-30","28.8"
"2005-10-31","26"
"2005-11-01","29.6"
"2005-11-02","28.2"
"2005-11-03","28"
"2005-11-04","27"
"2005-11-05","28.4"
"2005-11-06","30"
"2005-11-07","30.4"
"2005-11-08","30.6"
"2005-11-09","19.6"
"2005-11-10","29.4"
"2005-11-11","29.5"
"2005-11-12","30.6"
"2005-11-13","28.8"
"2005-11-14","29.8"
"2005-11-15","30.6"
"2005-11-16","31.6"
"2005-11-17","31"
"2005-11-18","29.4"
"2005-11-19","28.8"
"2005-11-20","28.6"
"2005-11-21","28.4"
"2005-11-22","28.6"
"2005-11-23","30.4"
"2005-11-24","28.5"
"2005-11-25","26.6"
"2005-11-26","25"
"2005-11-27","27.2"
"2005-11-28","28.4"
"2005-11-29","28.2"
"2005-11-30","27"
"2005-12-01","27.8"
"2005-12-02","29.2"
"2005-12-03","29.2"
"2005-12-04","30"
"2005-12-05","28.6"
"2005-12-06","28"
"2005-12-07","29.2"
"2005-12-08","28.4"
"2005-12-09","27.8"
"2005-12-10","27.2"
"2005-12-11","30.2"
"2005-12-12","27.6"
"2005-12-13","28.6"
"2005-12-14","29.6"
"2005-12-15","25.4"
"2005-12-16","27.6"
"2005-12-17","28.3"
"2005-12-18","26.9"
"2005-12-19","21.4"
"2005-12-20","28.2"
"2005-12-21","27.6"
"2005-12-22","28"
"2005-12-23","29"
"2005-12-24","27.8"
"2005-12-25","29.8"
"2005-12-26","28.2"
"2005-12-27","26.2"
"2005-12-28","25.6"
"2005-12-29","27.6"
"2005-12-30","27.4"
"2005-12-31","28.4"
"2006-01-01","29.2"
"2006-01-02","28"
"2006-01-03","25.2"
"2006-01-04","26.6"
"2006-01-05","29.6"
"2006-01-06","28.8"
"2006-01-07","29.4"
"2006-01-08","26.6"
"2006-01-09","28.2"
"2006-01-10","28.2"
"2006-01-11","27.2"
"2006-01-12","27"
"2006-01-13","27.4"
"2006-01-14","29.2"
"2006-01-15","27.9"
"2006-01-16","28.4"
"2006-01-17","25.2"
"2006-01-18","28"
"2006-01-19","28.2"
"2006-01-20","29.4"
"2006-01-21","28.5"
"2006-01-22","27.8"
"2006-01-23","27"
"2006-01-24","26.6"
"2006-01-25","26.4"
"2006-01-26","26"
"2006-01-27","26.1"
"2006-01-28","26"
"2006-01-29","26"
"2006-01-30","28"
"2006-01-31","27.8"
"2006-02-01","29.2"
"2006-02-02","29"
"2006-02-03","29.8"
"2006-02-04","29.4"
"2006-02-05","28.8"
"2006-02-06","28.5"
"2006-02-07","29.8"
"2006-02-08","29"
"2006-02-09","24.2"
"2006-02-10","28.4"
"2006-02-11","29"
"2006-02-12","30.2"
"2006-02-13","29.6"
"2006-02-14","29"
"2006-02-15","29.2"
"2006-02-16","28.5"
"2006-02-17","31"
"2006-02-18","29.8"
"2006-02-19","28.6"
"2006-02-20","28.2"
"2006-02-21","29"
"2006-02-22","28.8"
"2006-02-23","30"
"2006-02-24","29.4"
"2006-02-25","28.6"
"2006-02-26","28.9"
"2006-02-27","27"
"2006-02-28","25.6"
"2006-03-01","26.6"
"2006-03-02","28"
"2006-03-03","29.6"
"2006-03-04","29.9"
"2006-03-05","30.4"
"2006-03-06","28"
"2006-03-07","29.8"
"2006-03-08","30.6"
"2006-03-09","31.4"
"2006-03-10","28.2"
"2006-03-11","29.3"
"2006-03-12","29.8"
"2006-03-13","29.6"
"2006-03-14","30.8"
"2006-03-15","27.8"
"2006-03-16","28.7"
"2006-03-17","29.6"
"2006-03-18","29.8"
"2006-03-19","28.4"
"2006-03-20","28.4"
"2006-03-21","26.6"
"2006-03-22","28.2"
"2006-03-23","27.4"
"2006-03-24","27"
"2006-03-25","25.8"
"2006-03-26","30.2"
"2006-03-27","29"
"2006-03-28","28.8"
"2006-03-29","27.6"
"2006-03-30","29"
"2006-03-31","28.2"
"2006-04-01","28.2"
"2006-04-02","29.2"
"2006-04-03","29.2"
"2006-04-04","29.2"
"2006-04-05","29.2"
"2006-04-06","30.6"
"2006-04-07","30"
"2006-04-08","29.2"
"2006-04-09","29.4"
"2006-04-10","29.1"
"2006-04-11","28.3"
"2006-04-12","28.4"
"2006-04-13","27.3"
"2006-04-14","25.8"
"2006-04-15","28.4"
"2006-04-16","30"
"2006-04-17","29"
"2006-04-18","28.4"
"2006-04-19","27.9"
"2006-04-20","29.2"
"2006-04-21","26.3"
"2006-04-22","26.8"
"2006-04-23","27.8"
"2006-04-24","27.2"
"2006-04-25","29.5"
"2006-04-26","29.6"
"2006-04-27","29.8"
"2006-04-28","30.2"
"2006-04-29","30.2"
"2006-04-30","28.2"
"2006-05-01","30.3"
"2006-05-02","29.6"
"2006-05-03","29.8"
"2006-05-04","29.9"
"2006-05-05","30.8"
"2006-05-06","29.8"
"2006-05-07","28.8"
"2006-05-08","28.6"
"2006-05-09","27"
"2006-05-10","27.6"
"2006-05-11","30.2"
"2006-05-12","29.4"
"2006-05-13","29.8"
"2006-05-14","29.8"
"2006-05-15","29.2"
"2006-05-16","29.6"
"2006-05-17","29"
"2006-05-18","30.2"
"2006-05-19","29.6"
"2006-05-20","27.2"
"2006-05-21","27.8"
"2006-05-22","25.4"
"2006-05-23","28.8"
"2006-05-24","27.8"
"2006-05-25","29.8"
"2006-05-26","30"
"2006-05-27","28.7"
"2006-05-28","28"
"2006-05-29","27.2"
"2006-05-30","29.2"
"2006-05-31","28.8"
"2006-06-01","28"
"2006-06-02","27"
"2006-06-03","28.8"
"2006-06-04","29.8"
"2006-06-05","28.6"
"2006-06-06","29.5"
"2006-06-07","24.8"
"2006-06-08","28.7"
"2006-06-09","29.8"
"2006-06-10","29"
"2006-06-11","27.8"
"2006-06-12","28.5"
"2006-06-13","29.4"
"2006-06-14","28.9"
"2006-06-15","30"
"2006-06-16","28.8"
"2006-06-17","30.1"
"2006-06-18","30.2"
"2006-06-19","30.4"
"2006-06-20","30.1"
"2006-06-21","30.4"
"2006-06-22","29.2"
"2006-06-23","29.6"
"2006-06-24","29"
"2006-06-25","30.2"
"2006-06-26","29.5"
"2006-06-27","28"
"2006-06-28","29.4"
"2006-06-29","28.8"
"2006-06-30","29"
"2006-07-01","28.6"
"2006-07-02","28.9"
"2006-07-03","29.4"
"2006-07-04","29.4"
"2006-07-05","28.8"
"2006-07-06","29.2"
"2006-07-07","29.2"
"2006-07-08","28.9"
"2006-07-09","29"
"2006-07-10","28.3"
"2006-07-11","29.4"
"2006-07-12","29.8"
"2006-07-13","28"
"2006-07-14","28"
"2006-07-15","28.8"
"2006-07-16","29.8"
"2006-07-17","28"
"2006-07-18","28.2"
"2006-07-19","28.2"
"2006-07-20","29.2"
"2006-07-21","29"
"2006-07-22","28.4"
"2006-07-23","28.8"
"2006-07-24","29.4"
"2006-07-25","28"
"2006-07-26","29"
"2006-07-27","30.2"
"2006-07-28","28"
"2006-07-29","27.7"
"2006-07-30","29"
"2006-07-31","30.4"
"2006-08-01","28.6"
"2006-08-02","29.4"
"2006-08-03","30"
"2006-08-04","29.1"
"2006-08-05","29.4"
"2006-08-06","28.4"
"2006-08-07","28.8"
"2006-08-08","29"
"2006-08-09","28"
"2006-08-10","26.8"
"2006-08-11","28.6"
"2006-08-12","29"
"2006-08-13","30.4"
"2006-08-14","29"
"2006-08-15","29.4"
"2006-08-16","28.3"
"2006-08-17","30.7"
"2006-08-18","30.4"
"2006-08-19","30.6"
"2006-08-20","29.8"
"2006-08-21","29.6"
"2006-08-22","29.5"
"2006-08-23","28.9"
"2006-08-24","29"
"2006-08-25","31.2"
"2006-08-26","31.2"
"2006-08-27","29.4"
"2006-08-28","29.2"
"2006-08-29","30.1"
"2006-08-30","29.8"
"2006-08-31","29"
"2006-09-01","30"
"2006-09-02","30.8"
"2006-09-03","30.4"
"2006-09-04","30.6"
"2006-09-05","30.5"
"2006-09-06","29.2"
"2006-09-07","28.8"
"2006-09-08","32"
"2006-09-09","32.8"
"2006-09-10","31.4"
"2006-09-11","31.6"
"2006-09-12","30.2"
"2006-09-13","30.7"
"2006-09-14","29.8"
"2006-09-15","31.2"
"2006-09-16","30.2"
"2006-09-17","30"
"2006-09-18","31.8"
"2006-09-19","31.4"
"2006-09-20","30.5"
"2006-09-21","30"
"2006-09-22","30.6"
"2006-09-23","31.6"
"2006-09-24","31"
"2006-09-25","31.8"
"2006-09-26","30.6"
"2006-09-27","31.4"
"2006-09-28","30.2"
"2006-09-29","32.6"
"2006-09-30","33"
"2006-10-01","31.5"
"2006-10-02","32.2"
"2006-10-03","32"
"2006-10-04","33.2"
"2006-10-05","33.8"
"2006-10-06","33.4"
"2006-10-07","32.6"
"2006-10-08","31"
"2006-10-09","31.2"
"2006-10-10","31.6"
"2006-10-11","33.3"
"2006-10-12","32.6"
"2006-10-13","32"
"2006-10-14","31.9"
"2006-10-15","30"
"2006-10-16","30.8"
"2006-10-17","29.3"
"2006-10-18","30.8"
"2006-10-19","30"
"2006-10-20","31.6"
"2006-10-21","33"
"2006-10-22","31.6"
"2006-10-23","32.8"
"2006-10-24","33.4"
"2006-10-25","31.2"
"2006-10-26","31.4"
"2006-10-27","31.6"
"2006-10-28","28.4"
"2006-10-29","30.2"
"2006-10-30","30.8"
"2006-10-31","30"
"2006-11-01","29.2"
"2006-11-02","28.6"
"2006-11-03","30"
"2006-11-04","32.1"
"2006-11-05","29.6"
"2006-11-06","31.6"
"2006-11-07","30.8"
"2006-11-08","29.6"
"2006-11-09","29"
"2006-11-10","32.4"
"2006-11-11","31"
"2006-11-12","31.4"
"2006-11-13","32.3"
"2006-11-14","32.6"
"2006-11-15","32.2"
"2006-11-16","30.8"
"2006-11-17","32.4"
"2006-11-18","32"
"2006-11-19","33.8"
"2006-11-20","34.2"
"2006-11-21","33.6"
"2006-11-22","33.2"
"2006-11-23","28.3"
"2006-11-24","28.8"
"2006-11-25","30.2"
"2006-11-26","30.2"
"2006-11-27","27"
"2006-11-28","29.2"
"2006-11-29","28.8"
"2006-11-30","31.6"
"2006-12-01","29.4"
"2006-12-02","29.6"
"2006-12-03","28.4"
"2006-12-04","27.8"
"2006-12-05","28"
"2006-12-06","28.2"
"2006-12-07","27.4"
"2006-12-08","27"
"2006-12-09","28.2"
"2006-12-10","28.4"
"2006-12-11","31.2"
"2006-12-12","29.2"
"2006-12-13","27.4"
"2006-12-14","29.6"
"2006-12-15","29.4"
"2006-12-16","28.4"
"2006-12-17","29.4"
"2006-12-18","26.4"
"2006-12-19","29.4"
"2006-12-20","28.2"
"2006-12-21","28.8"
"2006-12-22","28.6"
"2006-12-23","27.4"
"2006-12-24","29.2"
"2006-12-25","28.8"
"2006-12-26","27.6"
"2006-12-27","27.3"
"2006-12-28","29.5"
"2006-12-29","24.2"
"2006-12-30","26"
"2006-12-31","24.5"
"2007-01-01",""
"2007-01-02","29.4"
"2007-01-03","27.6"
"2007-01-04","28.3"
"2007-01-05","30"
"2007-01-06","29.8"
"2007-01-07","30.4"
"2007-01-08","30"
"2007-01-09","30.7"
"2007-01-10","30.8"
"2007-01-11",""
"2007-01-12","29.8"
"2007-01-13","31"
"2007-01-14","30.4"
"2007-01-15","30"
"2007-01-16","30.6"
"2007-01-17","31.6"
"2007-01-18","30.8"
"2007-01-19","30.6"
"2007-01-20","30.2"
"2007-01-21","29.4"
"2007-01-22","27.4"
"2007-01-23","28.4"
"2007-01-24","27.2"
"2007-01-25","29.6"
"2007-01-26","27.8"
"2007-01-27","27"
"2007-01-28","28.6"
"2007-01-29","27.8"
"2007-01-30","27"
"2007-01-31","28"
"2007-02-01","26.8"
"2007-02-02","27.6"
"2007-02-03","26.2"
"2007-02-04","23.2"
"2007-02-05","26.8"
"2007-02-06","28.6"
"2007-02-07","29.6"
"2007-02-08","27.6"
"2007-02-09","29"
"2007-02-10","29.8"
"2007-02-11","28.6"
"2007-02-12","28.4"
"2007-02-13","26.9"
"2007-02-14","28.6"
"2007-02-15","27.2"
"2007-02-16","27.4"
"2007-02-17","27.4"
"2007-02-18","29"
"2007-02-19","27"
"2007-02-20","25.2"
"2007-02-21","27.8"
"2007-02-22","25.6"
"2007-02-23","26"
"2007-02-24","25.2"
"2007-02-25","28.8"
"2007-02-26","29"
"2007-02-27","27.6"
"2007-02-28","28.4"
"2007-03-01","27.8"
"2007-03-02","27"
"2007-03-03","25.6"
"2007-03-04","27"
"2007-03-05","29.5"
"2007-03-06","26.2"
"2007-03-07","24"
"2007-03-08","25.4"
"2007-03-09","27.4"
"2007-03-10","27"
"2007-03-11","28.2"
"2007-03-12","29.2"
"2007-03-13","28.2"
"2007-03-14","29.8"
"2007-03-15","29.2"
"2007-03-16","28.8"
"2007-03-17","28.8"
"2007-03-18","28.3"
"2007-03-19","30"
"2007-03-20","29"
"2007-03-21","29.2"
"2007-03-22","27.6"
"2007-03-23","28.2"
"2007-03-24","30.4"
"2007-03-25","28.4"
"2007-03-26","27.4"
"2007-03-27","28.4"
"2007-03-28","28.6"
"2007-03-29","28.4"
"2007-03-30","29.4"
"2007-03-31","28"
"2007-04-01","28.8"
"2007-04-02","29"
"2007-04-03","27.2"
"2007-04-04","29.2"
"2007-04-05","28.8"
"2007-04-06","27.6"
"2007-04-07","26.4"
"2007-04-08","28.8"
"2007-04-09","29"
"2007-04-10","27.4"
"2007-04-11","24.8"
"2007-04-12","28"
"2007-04-13","28.4"
"2007-04-14","27.8"
"2007-04-15","29"
"2007-04-16","27.6"
"2007-04-17","28.6"
"2007-04-18","29.6"
"2007-04-19","28.8"
"2007-04-20","29.2"
"2007-04-21","28.5"
"2007-04-22","29.2"
"2007-04-23","29.8"
"2007-04-24","28.4"
"2007-04-25","26.8"
"2007-04-26","26.2"
"2007-04-27","27"
"2007-04-28","27.8"
"2007-04-29","28.8"
"2007-04-30","26.4"
"2007-05-01","25.8"
"2007-05-02","27.2"
"2007-05-03","28.2"
"2007-05-04","29.2"
"2007-05-05","28.4"
"2007-05-06","29.6"
"2007-05-07","31"
"2007-05-08","30.2"
"2007-05-09","30"
"2007-05-10","30"
"2007-05-11","29.4"
"2007-05-12","28.8"
"2007-05-13","27.6"
"2007-05-14","26"
"2007-05-15","27.8"
"2007-05-16","26.5"
"2007-05-17","30.4"
"2007-05-18","28.2"
"2007-05-19","28.2"
"2007-05-20","29.6"
"2007-05-21","30.4"
"2007-05-22","31.5"
"2007-05-23","31.2"
"2007-05-24","30.6"
"2007-05-25","30"
"2007-05-26","30.4"
"2007-05-27","29.8"
"2007-05-28","31"
"2007-05-29","28.8"
"2007-05-30","28.8"
"2007-05-31","27.6"
"2007-06-01","28"
"2007-06-02","28"
"2007-06-03","28.8"
"2007-06-04","29.1"
"2007-06-05","26.6"
"2007-06-06","28.6"
"2007-06-07","28.8"
"2007-06-08","29.2"
"2007-06-09","30"
"2007-06-10","30.2"
"2007-06-11","29.2"
"2007-06-12","29.2"
"2007-06-13","29.6"
"2007-06-14","28.8"
"2007-06-15","29.4"
"2007-06-16","30.2"
"2007-06-17","29.3"
"2007-06-18","29.4"
"2007-06-19","26"
"2007-06-20","25"
"2007-06-21","27.6"
"2007-06-22","29.4"
"2007-06-23","29.8"
"2007-06-24","29.2"
"2007-06-25","29.3"
"2007-06-26","29.2"
"2007-06-27","28.4"
"2007-06-28","22.2"
"2007-06-29","27"
"2007-06-30","29"
"2007-07-01","29.6"
"2007-07-02","29.4"
"2007-07-03","30"
"2007-07-04","28.9"
"2007-07-05","28.4"
"2007-07-06","29.4"
"2007-07-07","30"
"2007-07-08","29"
"2007-07-09","28.3"
"2007-07-10","29"
"2007-07-11","28.7"
"2007-07-12","27.4"
"2007-07-13","27.2"
"2007-07-14","28.6"
"2007-07-15","28.3"
"2007-07-16","29.3"
"2007-07-17","29.6"
"2007-07-18","29"
"2007-07-19","30.4"
"2007-07-20","29"
"2007-07-21","30.6"
"2007-07-22","29.6"
"2007-07-23","29.2"
"2007-07-24","30"
"2007-07-25","29.2"
"2007-07-26","29.3"
"2007-07-27","28.6"
"2007-07-28","28.4"
"2007-07-29","29"
"2007-07-30","29.3"
"2007-07-31","31.5"
"2007-08-01","29.6"
"2007-08-02","29"
"2007-08-03","30"
"2007-08-04","29"
"2007-08-05","29.4"
"2007-08-06","28.8"
"2007-08-07","29.2"
"2007-08-08","30.8"
"2007-08-09","30"
"2007-08-10","28.6"
"2007-08-11","29.6"
"2007-08-12","29.2"
"2007-08-13","28.2"
"2007-08-14","30.4"
"2007-08-15","30.2"
"2007-08-16","30.2"
"2007-08-17","29.2"
"2007-08-18","29.7"
"2007-08-19","30.8"
"2007-08-20","30.4"
"2007-08-21","27.8"
"2007-08-22","30"
"2007-08-23","29.2"
"2007-08-24","30"
"2007-08-25","30.2"
"2007-08-26","29.4"
"2007-08-27","29"
"2007-08-28","30.4"
"2007-08-29","31.8"
"2007-08-30","31"
"2007-08-31","31.6"
"2007-09-01","31.6"
"2007-09-02","32.6"
"2007-09-03","30.6"
"2007-09-04","31.4"
"2007-09-05","30.6"
"2007-09-06","32.8"
"2007-09-07","29.4"
"2007-09-08","30.2"
"2007-09-09","29.7"
"2007-09-10","29.8"
"2007-09-11","31"
"2007-09-12","30.4"
"2007-09-13","30"
"2007-09-14","31"
"2007-09-15","30.5"
"2007-09-16","31.1"
"2007-09-17","30.4"
"2007-09-18","31.4"
"2007-09-19","31.5"
"2007-09-20","32.6"
"2007-09-21","32"
"2007-09-22","30.8"
"2007-09-23","30"
"2007-09-24","29.4"
"2007-09-25","30.4"
"2007-09-26","32.1"
"2007-09-27","31.6"
"2007-09-28","32.8"
"2007-09-29","32.7"
"2007-09-30","33.6"
"2007-10-01","33"
"2007-10-02","31.8"
"2007-10-03","31.2"
"2007-10-04","31.6"
"2007-10-05","30.9"
"2007-10-06","31.6"
"2007-10-07","31"
"2007-10-08","30.2"
"2007-10-09","29"
"2007-10-10","32"
"2007-10-11","30"
"2007-10-12","30.6"
"2007-10-13","30"
"2007-10-14","30.2"
"2007-10-15","33.2"
"2007-10-16","31.6"
"2007-10-17","31.5"
"2007-10-18","32.6"
"2007-10-19","31"
"2007-10-20","30"
"2007-10-21","28.8"
"2007-10-22","27.6"
"2007-10-23","27.8"
"2007-10-24","29.4"
"2007-10-25","26.6"
"2007-10-26","31"
"2007-10-27","29.8"
"2007-10-28","28.6"
"2007-10-29","29"
"2007-10-30","27"
"2007-10-31","26.6"
"2007-11-01","27"
"2007-11-02","26.4"
"2007-11-03","26"
"2007-11-04","26"
"2007-11-05","26.6"
"2007-11-06","25.2"
"2007-11-07","27.4"
"2007-11-08","27.8"
"2007-11-09","27.8"
"2007-11-10","26.6"
"2007-11-11","29.6"
"2007-11-12","30.1"
"2007-11-13","29.2"
"2007-11-14","27.4"
"2007-11-15","29"
"2007-11-16","28.2"
"2007-11-17","29.2"
"2007-11-18","31"
"2007-11-19","29.8"
"2007-11-20","29.8"
"2007-11-21","30"
"2007-11-22","30"
"2007-11-23","29.6"
"2007-11-24","30.8"
"2007-11-25","31.4"
"2007-11-26","28.4"
"2007-11-27","29"
"2007-11-28","29.9"
"2007-11-29","28.8"
"2007-11-30","28.2"
"2007-12-01","28.8"
"2007-12-02","28"
"2007-12-03","29.1"
"2007-12-04","28.2"
"2007-12-05","28.7"
"2007-12-06","27.2"
"2007-12-07","28"
"2007-12-08","28.3"
"2007-12-09","28.4"
"2007-12-10","27.8"
"2007-12-11","27"
"2007-12-12","26.5"
"2007-12-13","29.1"
"2007-12-14","27.4"
"2007-12-15","27.5"
"2007-12-16","26"
"2007-12-17","27"
"2007-12-18","27.5"
"2007-12-19","27"
"2007-12-20","26.8"
"2007-12-21","28"
"2007-12-22","27"
"2007-12-23","26.2"
"2007-12-24","28"
"2007-12-25","28"
"2007-12-26","25"
"2007-12-27","26.8"
"2007-12-28","24.8"
"2007-12-29","27.8"
"2007-12-30","26.4"
"2007-12-31","25"
"2008-01-01","26.5"
"2008-01-02","24.3"
"2008-01-03","25.6"
"2008-01-04","24.3"
"2008-01-05","27.3"
"2008-01-06","29.6"
"2008-01-07","28.7"
"2008-01-08","29.8"
"2008-01-09","30.1"
"2008-01-10","29.6"
"2008-01-11","30.2"
"2008-01-12","29.8"
"2008-01-13","29.4"
"2008-01-14","29.4"
"2008-01-15","27.2"
"2008-01-16","28.7"
"2008-01-17","30"
"2008-01-18","30.2"
"2008-01-19","28"
"2008-01-20","30"
"2008-01-21","29.8"
"2008-01-22","29.2"
"2008-01-23","29.4"
"2008-01-24","29.6"
"2008-01-25","28.8"
"2008-01-26","28.6"
"2008-01-27","29"
"2008-01-28","28.4"
"2008-01-29","27.8"
"2008-01-30","29.2"
"2008-01-31","28.8"
"2008-02-01","25.4"
"2008-02-02","27.8"
"2008-02-03","28.4"
"2008-02-04","28.8"
"2008-02-05","28.5"
"2008-02-06","29.2"
"2008-02-07","27"
"2008-02-08","25.4"
"2008-02-09","25.4"
"2008-02-10","24"
"2008-02-11","25.8"
"2008-02-12","25.2"
"2008-02-13","25.4"
"2008-02-14","23.4"
"2008-02-15","24.4"
"2008-02-16","27"
"2008-02-17","24.6"
"2008-02-18","26.4"
"2008-02-19","25.6"
"2008-02-20","25.6"
"2008-02-21","25.2"
"2008-02-22","24"
"2008-02-23","26.8"
"2008-02-24","29.2"
"2008-02-25","27.8"
"2008-02-26","26"
"2008-02-27","28"
"2008-02-28","28.2"
"2008-02-29","26.2"
"2008-03-01","29"
"2008-03-02","27.6"
"2008-03-03","29"
"2008-03-04","26"
"2008-03-05","26.5"
"2008-03-06","27"
"2008-03-07","28.6"
"2008-03-08","26.4"
"2008-03-09","27.4"
"2008-03-10","27.2"
"2008-03-11","26.8"
"2008-03-12","28.2"
"2008-03-13","27.4"
"2008-03-14","27"
"2008-03-15","27.8"
"2008-03-16","26.8"
"2008-03-17","29.3"
"2008-03-18","27.2"
"2008-03-19","26.2"
"2008-03-20","28.6"
"2008-03-21","28.6"
"2008-03-22","29"
"2008-03-23","27.4"
"2008-03-24","28.6"
"2008-03-25","27.4"
"2008-03-26","29"
"2008-03-27","28.6"
"2008-03-28","28.2"
"2008-03-29","30.2"
"2008-03-30","29.2"
"2008-03-31","27.6"
"2008-04-01","28"
"2008-04-02","29"
"2008-04-03","29"
"2008-04-04","29.4"
"2008-04-05","27.8"
"2008-04-06","28.8"
"2008-04-07","27.8"
"2008-04-08","27.2"
"2008-04-09","27.8"
"2008-04-10","29.8"
"2008-04-11","27.5"
"2008-04-12","26.4"
"2008-04-13","28.6"
"2008-04-14","28"
"2008-04-15","28.4"
"2008-04-16","28.6"
"2008-04-17","27.4"
"2008-04-18","28"
"2008-04-19","28"
"2008-04-20","27"
"2008-04-21","26.6"
"2008-04-22","26.7"
"2008-04-23","25"
"2008-04-24","28.5"
"2008-04-25","26"
"2008-04-26","28.3"
"2008-04-27","29.6"
"2008-04-28","29.3"
"2008-04-29","29.5"
"2008-04-30","29.4"
"2008-05-01","26.8"
"2008-05-02","29"
"2008-05-03","29.3"
"2008-05-04","29"
"2008-05-05","29"
"2008-05-06","28.6"
"2008-05-07","29"
"2008-05-08","29"
"2008-05-09","28.8"
"2008-05-10","28.6"
"2008-05-11","27.1"
"2008-05-12","28.4"
"2008-05-13","27.6"
"2008-05-14","26.6"
"2008-05-15","27.4"
"2008-05-16","29.7"
"2008-05-17","29"
"2008-05-18","28.6"
"2008-05-19","28.6"
"2008-05-20","28.8"
"2008-05-21","28.8"
"2008-05-22","29.4"
"2008-05-23","28.9"
"2008-05-24","28.8"
"2008-05-25","28.4"
"2008-05-26","29.8"
"2008-05-27","27.6"
"2008-05-28","29.9"
"2008-05-29","30"
"2008-05-30","28"
"2008-05-31","27.6"
"2008-06-01","27.7"
"2008-06-02","28.4"
"2008-06-03","29.4"
"2008-06-04","29"
"2008-06-05","29.3"
"2008-06-06","27.6"
"2008-06-07","29.2"
"2008-06-08","27.8"
"2008-06-09","27.4"
"2008-06-10","26.3"
"2008-06-11","26.2"
"2008-06-12","28.2"
"2008-06-13","28"
"2008-06-14","27.4"
"2008-06-15","28.7"
"2008-06-16","28.8"
"2008-06-17","29.4"
"2008-06-18","29.4"
"2008-06-19","29.6"
"2008-06-20","28.6"
"2008-06-21","29"
"2008-06-22","29.4"
"2008-06-23","29.2"
"2008-06-24","29.2"
"2008-06-25","28.8"
"2008-06-26","28.4"
"2008-06-27","29.4"
"2008-06-28","29.4"
"2008-06-29","29"
"2008-06-30","28.4"
"2008-07-01","30"
"2008-07-02","28.7"
"2008-07-03","29"
"2008-07-04","28.8"
"2008-07-05","28.4"
"2008-07-06","29"
"2008-07-07","29.5"
"2008-07-08","30.2"
"2008-07-09","30.4"
"2008-07-10","28.6"
"2008-07-11","28"
"2008-07-12","28.8"
"2008-07-13","30.7"
"2008-07-14","29.4"
"2008-07-15","29"
"2008-07-16","27.8"
"2008-07-17","28.6"
"2008-07-18","28.6"
"2008-07-19","30.8"
"2008-07-20","30.6"
"2008-07-21","30.3"
"2008-07-22","29.5"
"2008-07-23","29.4"
"2008-07-24","29.2"
"2008-07-25","30.3"
"2008-07-26","27.8"
"2008-07-27","31"
"2008-07-28","32.4"
"2008-07-29","29"
"2008-07-30","30.4"
"2008-07-31","30.3"
"2008-08-01","30.4"
"2008-08-02","29.4"
"2008-08-03","29.4"
"2008-08-04","30.1"
"2008-08-05","30.2"
"2008-08-06","27.3"
"2008-08-07","31.2"
"2008-08-08","30"
"2008-08-09","30.6"
"2008-08-10","28"
"2008-08-11","30.4"
"2008-08-12","29"
"2008-08-13","27.4"
"2008-08-14","28.1"
"2008-08-15","29.8"
"2008-08-16","29.3"
"2008-08-17","29.3"
"2008-08-18","27"
"2008-08-19","29"
"2008-08-20","26.6"
"2008-08-21","29.4"
"2008-08-22","29.2"
"2008-08-23","28.2"
"2008-08-24","29.7"
"2008-08-25","28.6"
"2008-08-26","28"
"2008-08-27","29.2"
"2008-08-28","28.2"
"2008-08-29","29.6"
"2008-08-30","28"
"2008-08-31","28.2"
"2008-09-01","29.4"
"2008-09-02","31.2"
"2008-09-03","30.2"
"2008-09-04","30.4"
"2008-09-05","30.2"
"2008-09-06","28.8"
"2008-09-07","29.2"
"2008-09-08","28.6"
"2008-09-09","29.4"
"2008-09-10","30.4"
"2008-09-11","30"
"2008-09-12","29.6"
"2008-09-13","28.4"
"2008-09-14","29"
"2008-09-15","32.2"
"2008-09-16","31"
"2008-09-17","31.8"
"2008-09-18","33.1"
"2008-09-19","32"
"2008-09-20","32"
"2008-09-21","32.6"
"2008-09-22","30.6"
"2008-09-23","33.1"
"2008-09-24","32.6"
"2008-09-25","30.3"
"2008-09-26","29.4"
"2008-09-27","31.4"
"2008-09-28","31.3"
"2008-09-29","30.6"
"2008-09-30","31"
"2008-10-01","30.4"
"2008-10-02","29.4"
"2008-10-03","29.5"
"2008-10-04","30.4"
"2008-10-05","30.3"
"2008-10-06","31.2"
"2008-10-07","28.3"
"2008-10-08","27.2"
"2008-10-09","30.2"
"2008-10-10","30.2"
"2008-10-11","31.4"
"2008-10-12","31"
"2008-10-13","31.4"
"2008-10-14","32"
"2008-10-15","31.2"
"2008-10-16","31"
"2008-10-17","29.8"
"2008-10-18","31.3"
"2008-10-19","31"
"2008-10-20","32"
"2008-10-21","31.2"
"2008-10-22","28.4"
"2008-10-23","28.2"
"2008-10-24","26.4"
"2008-10-25","27.4"
"2008-10-26","29.4"
"2008-10-27","29.4"
"2008-10-28","26.7"
"2008-10-29","29"
"2008-10-30","27.6"
"2008-10-31","29"
"2008-11-01","27.6"
"2008-11-02","28"
"2008-11-03","26.4"
"2008-11-04","28.3"
"2008-11-05","26.6"
"2008-11-06","26.6"
"2008-11-07","27.2"
"2008-11-08","28"
"2008-11-09","27.8"
"2008-11-10","27.6"
"2008-11-11","27.8"
"2008-11-12","27.8"
"2008-11-13","29"
"2008-11-14","27.8"
"2008-11-15","26.8"
"2008-11-16","29.4"
"2008-11-17","26.3"
"2008-11-18","26.6"
"2008-11-19","27.6"
"2008-11-20","27.6"
"2008-11-21","29.8"
"2008-11-22","28.2"
"2008-11-23","29.8"
"2008-11-24","26.7"
"2008-11-25","29"
"2008-11-26","28.2"
"2008-11-27","29.6"
"2008-11-28","30"
"2008-11-29","30.5"
"2008-11-30","29.2"
"2008-12-01","29.2"
"2008-12-02","28.6"
"2008-12-03","29.6"
"2008-12-04","26.6"
"2008-12-05","28.8"
"2008-12-06","29.2"
"2008-12-07","29"
"2008-12-08","28.8"
"2008-12-09","25.8"
"2008-12-10","27.6"
"2008-12-11","25"
"2008-12-12","28.4"
"2008-12-13","29.6"
"2008-12-14","28.4"
"2008-12-15","28"
"2008-12-16","27.8"
"2008-12-17","28.9"
"2008-12-18","29.2"
"2008-12-19","29.2"
"2008-12-20","27.4"
"2008-12-21","28"
"2008-12-22","28.2"
"2008-12-23","25.2"
"2008-12-24","29"
"2008-12-25","25.3"
"2008-12-26","27.6"
"2008-12-27","28.2"
"2008-12-28","29.6"
"2008-12-29","27.1"
"2008-12-30","29.2"
"2008-12-31","26.8"
"2009-01-01","27.6"
"2009-01-02","30"
"2009-01-03","30"
"2009-01-04","29.8"
"2009-01-05","29.8"
"2009-01-06","30"
"2009-01-07","28"
"2009-01-08","28"
"2009-01-09","25.6"
"2009-01-10","25.6"
"2009-01-11","26.9"
"2009-01-12","25.8"
"2009-01-13","22.6"
"2009-01-14","24"
"2009-01-15","24.8"
"2009-01-16","26"
"2009-01-17","27.8"
"2009-01-18","27.8"
"2009-01-19","27.3"
"2009-01-20","28.6"
"2009-01-21","27.8"
"2009-01-22","28.4"
"2009-01-23","29.6"
"2009-01-24","28"
"2009-01-25","28.5"
"2009-01-26","28.4"
"2009-01-27","28.4"
"2009-01-28","27.8"
"2009-01-29","27.3"
"2009-01-30","27.1"
"2009-01-31","27"
"2009-02-01","27.6"
"2009-02-02","24.8"
"2009-02-03","25.3"
"2009-02-04","25.3"
"2009-02-05","25.8"
"2009-02-06","23.4"
"2009-02-07","26.2"
"2009-02-08","26.4"
"2009-02-09","25.8"
"2009-02-10","28.6"
"2009-02-11","28.4"
"2009-02-12","27.8"
"2009-02-13","28.5"
"2009-02-14","29.2"
"2009-02-15","26.8"
"2009-02-16","26.8"
"2009-02-17","29"
"2009-02-18","29.6"
"2009-02-19","29"
"2009-02-20","29.4"
"2009-02-21","29.3"
"2009-02-22","28.6"
"2009-02-23","28.4"
"2009-02-24","27.2"
"2009-02-25","26.4"
"2009-02-26","28"
"2009-02-27","28.4"
"2009-02-28","24.4"
"2009-03-01","27.8"
"2009-03-02","29.2"
"2009-03-03","30.1"
"2009-03-04","30.6"
"2009-03-05","29.1"
"2009-03-06","29.8"
"2009-03-07","27"
"2009-03-08","28.6"
"2009-03-09","28"
"2009-03-10","27.8"
"2009-03-11","29"
"2009-03-12","29.4"
"2009-03-13","28.6"
"2009-03-14","26.6"
"2009-03-15","29.5"
"2009-03-16","30.8"
"2009-03-17","30.2"
"2009-03-18","30"
"2009-03-19","29.8"
"2009-03-20","29.2"
"2009-03-21","29.4"
"2009-03-22","28.2"
"2009-03-23","28"
"2009-03-24","28.4"
"2009-03-25","28.2"
"2009-03-26","29.2"
"2009-03-27","30.8"
"2009-03-28","29"
"2009-03-29","27.8"
"2009-03-30","26.9"
"2009-03-31","29"
"2009-04-01","27.6"
"2009-04-02","28.3"
"2009-04-03","27.6"
"2009-04-04","28"
"2009-04-05","28"
"2009-04-06","27.2"
"2009-04-07","25.6"
"2009-04-08","26.6"
"2009-04-09","30.4"
"2009-04-10","27.4"
"2009-04-11","29"
"2009-04-12","28.4"
"2009-04-13","27.6"
"2009-04-14","28.2"
"2009-04-15","29.2"
"2009-04-16","29.2"
"2009-04-17","31.2"
"2009-04-18","30.8"
"2009-04-19","30"
"2009-04-20","28.6"
"2009-04-21","28.9"
"2009-04-22","28.4"
"2009-04-23","28.7"
"2009-04-24","29"
"2009-04-25","29.8"
"2009-04-26","29.8"
"2009-04-27","27"
"2009-04-28","28.8"
"2009-04-29","30.7"
"2009-04-30","30.4"
"2009-05-01","30.2"
"2009-05-02","31"
"2009-05-03","29.2"
"2009-05-04","29.2"
"2009-05-05","30.2"
"2009-05-06","28.8"
"2009-05-07","28.6"
"2009-05-08","27.5"
"2009-05-09","27.2"
"2009-05-10","28.2"
"2009-05-11","25.6"
"2009-05-12","24.4"
"2009-05-13","26.7"
"2009-05-14","26"
"2009-05-15","28.6"
"2009-05-16","27.8"
"2009-05-17","29.2"
"2009-05-18","28.6"
"2009-05-19","29.6"
"2009-05-20","28.8"
"2009-05-21","27.8"
"2009-05-22","27.6"
"2009-05-23","26.9"
"2009-05-24","29.2"
"2009-05-25","29.6"
"2009-05-26","29"
"2009-05-27","31"
"2009-05-28","29.6"
"2009-05-29","29.6"
"2009-05-30","28.6"
"2009-05-31","28.6"
"2009-06-01","28.8"
"2009-06-02","30.2"
"2009-06-03","29.4"
"2009-06-04","28.5"
"2009-06-05","28.4"
"2009-06-06","28.6"
"2009-06-07","28.2"
"2009-06-08","28.8"
"2009-06-09","26.6"
"2009-06-10","28.8"
"2009-06-11","29.4"
"2009-06-12","28.7"
"2009-06-13","29.4"
"2009-06-14","29.2"
"2009-06-15","28.2"
"2009-06-16","27.8"
"2009-06-17","29"
"2009-06-18","28.1"
"2009-06-19","29.5"
"2009-06-20","29.2"
"2009-06-21","30"
"2009-06-22","28.8"
"2009-06-23","30"
"2009-06-24","28.6"
"2009-06-25","28.4"
"2009-06-26","30.4"
"2009-06-27","28.3"
"2009-06-28","28.7"
"2009-06-29","28.4"
"2009-06-30","29.2"
"2009-07-01","28.6"
"2009-07-02","28.7"
"2009-07-03","27.2"
"2009-07-04","30.2"
"2009-07-05","29"
"2009-07-06","28.6"
"2009-07-07","29.8"
"2009-07-08","28.4"
"2009-07-09","30.4"
"2009-07-10","29.6"
"2009-07-11","29.8"
"2009-07-12","29.3"
"2009-07-13","29"
"2009-07-14","28"
"2009-07-15","29.2"
"2009-07-16","28.8"
"2009-07-17","29"
"2009-07-18","29.6"
"2009-07-19","28.4"
"2009-07-20","29.8"
"2009-07-21","29.4"
"2009-07-22","30.1"
"2009-07-23","29.4"
"2009-07-24","27.8"
"2009-07-25","27.6"
"2009-07-26","27.6"
"2009-07-27","29.3"
"2009-07-28","31.4"
"2009-07-29","29.4"
"2009-07-30","29.5"
"2009-07-31","29.4"
"2009-08-01","30"
"2009-08-02","28"
"2009-08-03","30"
"2009-08-04","28.4"
"2009-08-05","29.4"
"2009-08-06","30.8"
"2009-08-07","31.4"
"2009-08-08","29.6"
"2009-08-09","29.6"
"2009-08-10","29.8"
"2009-08-11","30.8"
"2009-08-12","29.2"
"2009-08-13","29"
"2009-08-14","30.6"
"2009-08-15","30.2"
"2009-08-16","29.8"
"2009-08-17","29.6"
"2009-08-18","30.6"
"2009-08-19","33"
"2009-08-20","31.8"
"2009-08-21","30.6"
"2009-08-22","31.7"
"2009-08-23","31.2"
"2009-08-24","29.8"
"2009-08-25","31.2"
"2009-08-26","30"
"2009-08-27","31"
"2009-08-28","31.2"
"2009-08-29","29.7"
"2009-08-30","30.9"
"2009-08-31","31.2"
"2009-09-01","31.6"
"2009-09-02","29.6"
"2009-09-03","32"
"2009-09-04","29.6"
"2009-09-05","30.2"
"2009-09-06","30.8"
"2009-09-07","32.6"
"2009-09-08","32"
"2009-09-09","31.6"
"2009-09-10","31.2"
"2009-09-11","31"
"2009-09-12","31.6"
"2009-09-13","30.8"
"2009-09-14","32.6"
"2009-09-15","32"
"2009-09-16","30"
"2009-09-17","29"
"2009-09-18","30.6"
"2009-09-19","30"
"2009-09-20","32.2"
"2009-09-21","31.4"
"2009-09-22","30"
"2009-09-23","29.8"
"2009-09-24","30"
"2009-09-25","31"
"2009-09-26","31.6"
"2009-09-27","32"
"2009-09-28","31.7"
"2009-09-29","31"
"2009-09-30","29"
"2009-10-01","31.8"
"2009-10-02","29.8"
"2009-10-03","29.2"
"2009-10-04","29.3"
"2009-10-05","30.2"
"2009-10-06","27.8"
"2009-10-07","26.6"
"2009-10-08","27.4"
"2009-10-09","28.8"
"2009-10-10","28.6"
"2009-10-11","30.8"
"2009-10-12","29.1"
"2009-10-13","28.2"
"2009-10-14","29"
"2009-10-15","27.8"
"2009-10-16","29.6"
"2009-10-17","30.8"
"2009-10-18","31.2"
"2009-10-19","31.4"
"2009-10-20","31.2"
"2009-10-21","31.2"
"2009-10-22","29.8"
"2009-10-23","29"
"2009-10-24","27"
"2009-10-25","29.4"
"2009-10-26","27.5"
"2009-10-27","28.2"
"2009-10-28","30"
"2009-10-29","31.2"
"2009-10-30","31.8"
"2009-10-31","29.8"
"2009-11-01","30.2"
"2009-11-02","31.6"
"2009-11-03","31.4"
"2009-11-04","31.6"
"2009-11-05","30.5"
"2009-11-06","30.2"
"2009-11-07","30"
"2009-11-08","31.2"
"2009-11-09","31.4"
"2009-11-10","29.2"
"2009-11-11","29.2"
"2009-11-12","26.4"
"2009-11-13","30"
"2009-11-14","30.4"
"2009-11-15","29.6"
"2009-11-16","27.2"
"2009-11-17","26.6"
"2009-11-18","26.7"
"2009-11-19","28.2"
"2009-11-20","26"
"2009-11-21","26.4"
"2009-11-22","26"
"2009-11-23","26.4"
"2009-11-24","28.8"
"2009-11-25","27.3"
"2009-11-26","27.1"
"2009-11-27","28"
"2009-11-28","29"
"2009-11-29","30"
"2009-11-30","29"
"2009-12-01","29.4"
"2009-12-02","28.2"
"2009-12-03","29.8"
"2009-12-04","30.8"
"2009-12-05","27.6"
"2009-12-06","26.4"
"2009-12-07","27"
"2009-12-08","29.4"
"2009-12-09","27"
"2009-12-10","27.3"
"2009-12-11","31.4"
"2009-12-12","29.2"
"2009-12-13","29.8"
"2009-12-14","29.2"
"2009-12-15","28.7"
"2009-12-16","30.2"
"2009-12-17","30"
"2009-12-18","30.4"
"2009-12-19","31"
"2009-12-20","30.3"
"2009-12-21","29.8"
"2009-12-22","28.2"
"2009-12-23","29.6"
"2009-12-24","29"
"2009-12-25","29.8"
"2009-12-26","27"
"2009-12-27","28"
"2009-12-28","26.2"
"2009-12-29","28"
"2009-12-30","28"
"2009-12-31","26.4"
"2010-01-01","28"
"2010-01-02","29"
"2010-01-03","29"
"2010-01-04","28.5"
"2010-01-05","28.2"
"2010-01-06","28"
"2010-01-07","27.6"
"2010-01-08","26"
"2010-01-09","27.2"
"2010-01-10","27.4"
"2010-01-11","28"
"2010-01-12","27"
"2010-01-13","25.8"
"2010-01-14","27.2"
"2010-01-15","26.2"
"2010-01-16","25.4"
"2010-01-17","27"
"2010-01-18","28.2"
"2010-01-19","25.8"
"2010-01-20","27.5"
"2010-01-21","29"
"2010-01-22","29"
"2010-01-23","30"
"2010-01-24","29.6"
"2010-01-25","28.8"
"2010-01-26","28.4"
"2010-01-27","29.6"
"2010-01-28","29.2"
"2010-01-29","29.2"
"2010-01-30","27.7"
"2010-01-31","27.8"
"2010-02-01","27"
"2010-02-02","28"
"2010-02-03","28.6"
"2010-02-04","27.2"
"2010-02-05","28.3"
"2010-02-06","28.4"
"2010-02-07","28.5"
"2010-02-08","27.2"
"2010-02-09","27.2"
"2010-02-10","28.4"
"2010-02-11","27.7"
"2010-02-12","28.6"
"2010-02-13","26.7"
"2010-02-14","27"
"2010-02-15","29.2"
"2010-02-16","27.4"
"2010-02-17","26.2"
"2010-02-18","28.8"
"2010-02-19","27"
"2010-02-20","28.2"
"2010-02-21","28.2"
"2010-02-22","29"
"2010-02-23","30.6"
"2010-02-24","29.2"
"2010-02-25","27.2"
"2010-02-26","28.6"
"2010-02-27","30.3"
"2010-02-28","30.2"
"2010-03-01","28.4"
"2010-03-02","30.4"
"2010-03-03","29.8"
"2010-03-04","29"
"2010-03-05","26.6"
"2010-03-06","28.7"
"2010-03-07","30.6"
"2010-03-08","29"
"2010-03-09","27"
"2010-03-10","26.6"
"2010-03-11","27.4"
"2010-03-12","27"
"2010-03-13","28"
"2010-03-14","28"
"2010-03-15","27.7"
"2010-03-16","26.4"
"2010-03-17","27.9"
"2010-03-18","27.9"
"2010-03-19","28.6"
"2010-03-20","29"
"2010-03-21","27.6"
"2010-03-22","30.4"
"2010-03-23","28.8"
"2010-03-24","31"
"2010-03-25","30.4"
"2010-03-26","28"
"2010-03-27","30.2"
"2010-03-28","27.8"
"2010-03-29","29.4"
"2010-03-30","25"
"2010-03-31","28.4"
"2010-04-01","30.4"
"2010-04-02","29.3"
"2010-04-03","29.2"
"2010-04-04","30.7"
"2010-04-05","29.2"
"2010-04-06","30.4"
"2010-04-07","30"
"2010-04-08","30.4"
"2010-04-09","30.2"
"2010-04-10","29.2"
"2010-04-11","30.2"
"2010-04-12","30.8"
"2010-04-13","30.6"
"2010-04-14","30.2"
"2010-04-15","30.5"
"2010-04-16","27.6"
"2010-04-17","29.8"
"2010-04-18","29"
"2010-04-19","29.6"
"2010-04-20","30.9"
"2010-04-21","31.3"
"2010-04-22","31.2"
"2010-04-23","29"
"2010-04-24","31.4"
"2010-04-25","31.8"
"2010-04-26","32"
"2010-04-27","30"
"2010-04-28","28.6"
"2010-04-29","30.8"
"2010-04-30","31.2"
"2010-05-01","31.6"
"2010-05-02","29.8"
"2010-05-03","30"
"2010-05-04","29"
"2010-05-05","29.7"
"2010-05-06","29.4"
"2010-05-07","30"
"2010-05-08","28"
"2010-05-09","29.7"
"2010-05-10","29.6"
"2010-05-11","29"
"2010-05-12","29.2"
"2010-05-13","28.4"
"2010-05-14","28.3"
"2010-05-15","30.4"
"2010-05-16","27.7"
"2010-05-17","28.8"
"2010-05-18","30"
"2010-05-19","30.3"
"2010-05-20","29"
"2010-05-21","31"
"2010-05-22","30.1"
"2010-05-23","31"
"2010-05-24","30.8"
"2010-05-25","30"
"2010-05-26","30"
"2010-05-27","29.8"
"2010-05-28","29.2"
"2010-05-29","28.2"
"2010-05-30","29.2"
"2010-05-31","31"
"2010-06-01","29.6"
"2010-06-02","31"
"2010-06-03","31.7"
"2010-06-04","30"
"2010-06-05","28"
"2010-06-06","27"
"2010-06-07","28.2"
"2010-06-08","27.1"
"2010-06-09","28"
"2010-06-10","28.6"
"2010-06-11","29"
"2010-06-12","26.2"
"2010-06-13","29.8"
"2010-06-14","27.2"
"2010-06-15","27"
"2010-06-16","24.2"
"2010-06-17","26.2"
"2010-06-18","29.6"
"2010-06-19","28"
"2010-06-20","29"
"2010-06-21","29.6"
"2010-06-22","30"
"2010-06-23","29"
"2010-06-24","28.2"
"2010-06-25","26.8"
"2010-06-26","27.3"
"2010-06-27","29.2"
"2010-06-28","26.9"
"2010-06-29","26.2"
"2010-06-30","28"
"2010-07-01","28.4"
"2010-07-02","27"
"2010-07-03","26.6"
"2010-07-04","28"
"2010-07-05","29"
"2010-07-06","29.6"
"2010-07-07","28.4"
"2010-07-08","27"
"2010-07-09","28.3"
"2010-07-10","27.5"
"2010-07-11","28.5"
"2010-07-12","28.4"
"2010-07-13","27.6"
"2010-07-14","27.2"
"2010-07-15","27.8"
"2010-07-16","26.5"
"2010-07-17","27.4"
"2010-07-18","26.8"
"2010-07-19","27"
"2010-07-20","28"
"2010-07-21","29.2"
"2010-07-22","29.6"
"2010-07-23","28"
"2010-07-24","29"
"2010-07-25","28"
"2010-07-26","28.7"
"2010-07-27","25.8"
"2010-07-28","27.1"
"2010-07-29","27"
"2010-07-30","29.6"
"2010-07-31","29.5"
"2010-08-01","28.6"
"2010-08-02","29.2"
"2010-08-03","29"
"2010-08-04","27.8"
"2010-08-05","29.2"
"2010-08-06","28.2"
"2010-08-07","28.6"
"2010-08-08","27.8"
"2010-08-09","29.7"
"2010-08-10","27.2"
"2010-08-11","28"
"2010-08-12","28.5"
"2010-08-13","28.3"
"2010-08-14","30.4"
"2010-08-15","27.4"
"2010-08-16","26.4"
"2010-08-17","26.8"
"2010-08-18","27.4"
"2010-08-19","27.2"
"2010-08-20","28.2"
"2010-08-21","27.8"
"2010-08-22","29.4"
"2010-08-23","30.2"
"2010-08-24","29.2"
"2010-08-25","30.6"
"2010-08-26","28.6"
"2010-08-27","28.4"
"2010-08-28","28.8"
"2010-08-29","29"
"2010-08-30","29.9"
"2010-08-31","30"
"2010-09-01","29.6"
"2010-09-02","30.5"
"2010-09-03","29.2"
"2010-09-04","29"
"2010-09-05","27.6"
"2010-09-06","21.2"
"2010-09-07","28.4"
"2010-09-08","26.6"
"2010-09-09","28.3"
"2010-09-10","27.4"
"2010-09-11","29.8"
"2010-09-12","29.1"
"2010-09-13","25.7"
"2010-09-14","28"
"2010-09-15","25.4"
"2010-09-16","27"
"2010-09-17","27.3"
"2010-09-18","27.6"
"2010-09-19","29"
"2010-09-20","29.4"
"2010-09-21","26.8"
"2010-09-22","27.6"
"2010-09-23","27.6"
"2010-09-24","27.8"
"2010-09-25","26.2"
"2010-09-26","28.8"
"2010-09-27","28.4"
"2010-09-28","28.1"
"2010-09-29","30.7"
"2010-09-30","29"
"2010-10-01","30"
"2010-10-02","29"
"2010-10-03","26.4"
"2010-10-04","29.8"
"2010-10-05","30.2"
"2010-10-06","30.6"
"2010-10-07","31"
"2010-10-08","29"
"2010-10-09","28.3"
"2010-10-10","30"
"2010-10-11","29.9"
"2010-10-12","30"
"2010-10-13","27.3"
"2010-10-14","28.6"
"2010-10-15","28.5"
"2010-10-16","29.2"
"2010-10-17","28.6"
"2010-10-18","27.2"
"2010-10-19","29.2"
"2010-10-20","26.8"
"2010-10-21","28.5"
"2010-10-22","28"
"2010-10-23","27.5"
"2010-10-24","26.4"
"2010-10-25","27.8"
"2010-10-26","28.4"
"2010-10-27","27"
"2010-10-28","26.8"
"2010-10-29","27.8"
"2010-10-30","26.2"
"2010-10-31","28.3"
"2010-11-01","29.3"
"2010-11-02","30"
"2010-11-03","28.2"
"2010-11-04","27.6"
"2010-11-05","27"
"2010-11-06","28.2"
"2010-11-07","28.4"
"2010-11-08","27.2"
"2010-11-09","29.6"
"2010-11-10","28.6"
"2010-11-11","28.3"
"2010-11-12","28.8"
"2010-11-13","25.2"
"2010-11-14","28.4"
"2010-11-15","27.2"
"2010-11-16","26.9"
"2010-11-17","29.2"
"2010-11-18","30"
"2010-11-19","29"
"2010-11-20","29"
"2010-11-21","28.3"
"2010-11-22","30.4"
"2010-11-23","27.3"
"2010-11-24","27.3"
"2010-11-25","27.8"
"2010-11-26","27.3"
"2010-11-27","29.3"
"2010-11-28","28.1"
"2010-11-29","29.2"
"2010-11-30","28.4"
"2010-12-01","26.8"
"2010-12-02","28"
"2010-12-03","28"
"2010-12-04","28.5"
"2010-12-05","28.2"
"2010-12-06","25.6"
"2010-12-07","28.4"
"2010-12-08","28"
"2010-12-09","27.3"
"2010-12-10","26.4"
"2010-12-11","24.4"
"2010-12-12","27.5"
"2010-12-13","27.8"
"2010-12-14","26.5"
"2010-12-15","28"
"2010-12-16","25.8"
"2010-12-17","27"
"2010-12-18","28.5"
"2010-12-19","28"
"2010-12-20","28"
"2010-12-21","28.6"
"2010-12-22","27.2"
"2010-12-23","27.4"
"2010-12-24","29.2"
"2010-12-25","27.8"
"2010-12-26","28.6"
"2010-12-27","27"
"2010-12-28","28.3"
"2010-12-29","25.7"
"2010-12-30","27.2"
"2010-12-31","28"
"2011-01-01","28"
"2011-01-02","27.2"
"2011-01-03","27.1"
"2011-01-04","27.7"
"2011-01-05","26.4"
"2011-01-06","29"
"2011-01-07","27.8"
"2011-01-08","27.8"
"2011-01-09","28.2"
"2011-01-10","27.8"
"2011-01-11","27"
"2011-01-12","26"
"2011-01-13","26.5"
"2011-01-14","26.6"
"2011-01-15","25.5"
"2011-01-16","25.6"
"2011-01-17","27"
"2011-01-18","26.2"
"2011-01-19","28.8"
"2011-01-20","27.2"
"2011-01-21","26"
"2011-01-22","27.4"
"2011-01-23","28.2"
"2011-01-24","28.2"
"2011-01-25","27.5"
"2011-01-26","29.6"
"2011-01-27","30.6"
"2011-01-28","28.2"
"2011-01-29","29.4"
"2011-01-30","30.6"
"2011-01-31","27.4"
"2011-02-01","28.7"
"2011-02-02","28.2"
"2011-02-03","27.2"
"2011-02-04","27.6"
"2011-02-05","25.9"
"2011-02-06","26.2"
"2011-02-07","27.7"
"2011-02-08","29"
"2011-02-09","29.2"
"2011-02-10","29.5"
"2011-02-11","29"
"2011-02-12","29.2"
"2011-02-13","30.2"
"2011-02-14","28.8"
"2011-02-15","25.8"
"2011-02-16","28.5"
"2011-02-17","29"
"2011-02-18","29.2"
"2011-02-19","29"
"2011-02-20","29.2"
"2011-02-21","30.3"
"2011-02-22","27.8"
"2011-02-23","29.6"
"2011-02-24","29.2"
"2011-02-25","29.2"
"2011-02-26","28.8"
"2011-02-27","27.8"
"2011-02-28","27.6"
"2011-03-01","27.8"
"2011-03-02","30.8"
"2011-03-03","27.1"
"2011-03-04","28"
"2011-03-05","28.6"
"2011-03-06","29.8"
"2011-03-07","29.7"
"2011-03-08","29.2"
"2011-03-09","27.9"
"2011-03-10","28.8"
"2011-03-11","29.6"
"2011-03-12","29.6"
"2011-03-13","28.7"
"2011-03-14","31.2"
"2011-03-15","28.6"
"2011-03-16","31.4"
"2011-03-17","27.3"
"2011-03-18","32"
"2011-03-19","27.6"
"2011-03-20","29.4"
"2011-03-21","28.2"
"2011-03-22","27.4"
"2011-03-23","27.4"
"2011-03-24","28"
"2011-03-25","27.4"
"2011-03-26","27.5"
"2011-03-27","29.4"
"2011-03-28","27"
"2011-03-29","29.7"
"2011-03-30","26.4"
"2011-03-31","27.4"
"2011-04-01","28"
"2011-04-02","35"
"2011-04-03","28.9"
"2011-04-04","29.8"
"2011-04-05","29.2"
"2011-04-06","30.3"
"2011-04-07","36"
"2011-04-08","34"
"2011-04-09","27.4"
"2011-04-10","29.8"
"2011-04-11","29"
"2011-04-12","30"
"2011-04-13","29.5"
"2011-04-14","28.6"
"2011-04-15","28.5"
"2011-04-16","29.2"
"2011-04-17","32"
"2011-04-18","29.4"
"2011-04-19","28"
"2011-04-20","28"
"2011-04-21","28"
"2011-04-22","30"
"2011-04-23","28.8"
"2011-04-24","27"
"2011-04-25","27.6"
"2011-04-26","27.2"
"2011-04-27","26.4"
"2011-04-28","29"
"2011-04-29","29.4"
"2011-04-30","27.8"
"2011-05-01","28.8"
"2011-05-02","30"
"2011-05-03","30"
"2011-05-04","30.2"
"2011-05-05","25"
"2011-05-06","29"
"2011-05-07","27.2"
"2011-05-08","28.4"
"2011-05-09","31"
"2011-05-10","28.8"
"2011-05-11","30"
"2011-05-12","28.4"
"2011-05-13","30"
"2011-05-14","28.6"
"2011-05-15","27.2"
"2011-05-16","30"
"2011-05-17","29.8"
"2011-05-18","25.8"
"2011-05-19","28"
"2011-05-20","29"
"2011-05-21","27.4"
"2011-05-22","29"
"2011-05-23","29.5"
"2011-05-24","29.8"
"2011-05-25","29.4"
"2011-05-26","29"
"2011-05-27","29.4"
"2011-05-28","30.2"
"2011-05-29","30"
"2011-05-30","29.2"
"2011-05-31","29.4"
"2011-06-01","28.8"
"2011-06-02","29.6"
"2011-06-03","30.4"
"2011-06-04","29.4"
"2011-06-05","29.2"
"2011-06-06","29.6"
"2011-06-07","29.4"
"2011-06-08","29.2"
"2011-06-09","30"
"2011-06-10","29.6"
"2011-06-11","29.4"
"2011-06-12","29.3"
"2011-06-13","29.4"
"2011-06-14","29.8"
"2011-06-15","30"
"2011-06-16","30.2"
"2011-06-17","30.2"
"2011-06-18","29.2"
"2011-06-19","28"
"2011-06-20","27.6"
"2011-06-21","29.4"
"2011-06-22","29.6"
"2011-06-23","29.8"
"2011-06-24","29"
"2011-06-25","31"
"2011-06-26","29.4"
"2011-06-27","28.4"
"2011-06-28","28.2"
"2011-06-29","27.6"
"2011-06-30","27"
"2011-07-01","25.8"
"2011-07-02","29.4"
"2011-07-03","28.2"
"2011-07-04","31"
"2011-07-05","29.2"
"2011-07-06","29.6"
"2011-07-07","29.6"
"2011-07-08","28.1"
"2011-07-09","28"
"2011-07-10","29"
"2011-07-11","28.4"
"2011-07-12","29"
"2011-07-13","29.6"
"2011-07-14","28.8"
"2011-07-15","30.5"
"2011-07-16","29.5"
"2011-07-17","28.4"
"2011-07-18","28.6"
"2011-07-19","27.4"
"2011-07-20","29"
"2011-07-21","27.2"
"2011-07-22","28.5"
"2011-07-23","29.1"
"2011-07-24","29.6"
"2011-07-25","29.7"
"2011-07-26","29"
"2011-07-27","29.8"
"2011-07-28","29.8"
"2011-07-29","29.6"
"2011-07-30","29.6"
"2011-07-31","29.8"
"2011-08-01","29.8"
"2011-08-02","31.2"
"2011-08-03","30.8"
"2011-08-04","29.4"
"2011-08-05","29"
"2011-08-06","29.4"
"2011-08-07","28.4"
"2011-08-08","29.4"
"2011-08-09","30.8"
"2011-08-10","29.6"
"2011-08-11","29"
"2011-08-12","28.8"
"2011-08-13","30"
"2011-08-14","30.8"
"2011-08-15","30.2"
"2011-08-16","29"
"2011-08-17","28.8"
"2011-08-18","28.8"
"2011-08-19","29.2"
"2011-08-20","30"
"2011-08-21","29.2"
"2011-08-22","30.4"
"2011-08-23","29.8"
"2011-08-24","30.8"
"2011-08-25","30"
"2011-08-26","29.2"
"2011-08-27","30.6"
"2011-08-28","30.8"
"2011-08-29","30.6"
"2011-08-30","30.2"
"2011-08-31","30.8"
"2011-09-01","29.8"
"2011-09-02","30.6"
"2011-09-03","29.8"
"2011-09-04","30.8"
"2011-09-05","30.4"
"2011-09-06","30.3"
"2011-09-07","31"
"2011-09-08","31.8"
"2011-09-09","30.8"
"2011-09-10","30.3"
"2011-09-11","31.6"
"2011-09-12","30.8"
"2011-09-13","31"
"2011-09-14","28.5"
"2011-09-15","31.2"
"2011-09-16","30.8"
"2011-09-17","29"
"2011-09-18","29"
"2011-09-19","29"
"2011-09-20","27.6"
"2011-09-21","29.4"
"2011-09-22","29.3"
"2011-09-23","30.6"
"2011-09-24","30.8"
"2011-09-25","31"
"2011-09-26","32.8"
"2011-09-27","31.2"
"2011-09-28","30.6"
"2011-09-29","30.4"
"2011-09-30","31.4"
"2011-10-01","31"
"2011-10-02","30.2"
"2011-10-03","30.6"
"2011-10-04","30.8"
"2011-10-05","30.6"
"2011-10-06","29.2"
"2011-10-07","31"
"2011-10-08","25.8"
"2011-10-09","27.4"
"2011-10-10","29.2"
"2011-10-11","30.1"
"2011-10-12","30.8"
"2011-10-13","31.4"
"2011-10-14","30.8"
"2011-10-15","31.4"
"2011-10-16","32.4"
"2011-10-17","32.2"
"2011-10-18","32"
"2011-10-19","32.6"
"2011-10-20","29.8"
"2011-10-21","30"
"2011-10-22","29.6"
"2011-10-23","29.4"
"2011-10-24","31"
"2011-10-25","27"
"2011-10-26","31"
"2011-10-27","31.2"
"2011-10-28","31.2"
"2011-10-29","31"
"2011-10-30","29.4"
"2011-10-31","30.8"
"2011-11-01","28"
"2011-11-02","26.9"
"2011-11-03","26.6"
"2011-11-04","23.4"
"2011-11-05","27.4"
"2011-11-06","26.6"
"2011-11-07","27.4"
"2011-11-08","28"
"2011-11-09","27.4"
"2011-11-10","26.4"
"2011-11-11","29.1"
"2011-11-12","31.7"
"2011-11-13","27"
"2011-11-14","30"
"2011-11-15","28.2"
"2011-11-16","28.4"
"2011-11-17","29.4"
"2011-11-18","29"
"2011-11-19","30"
"2011-11-20","30"
"2011-11-21","27.7"
"2011-11-22","27.6"
"2011-11-23","29.2"
"2011-11-24","29.8"
"2011-11-25","30.2"
"2011-11-26","30.4"
"2011-11-27","31.3"
"2011-11-28","31"
"2011-11-29","28.4"
"2011-11-30","29"
"2011-12-01","28.8"
"2011-12-02","27.8"
"2011-12-03","27"
"2011-12-04","30"
"2011-12-05","29.4"
"2011-12-06","30"
"2011-12-07","29.6"
"2011-12-08","31.4"
"2011-12-09","30.4"
"2011-12-10","28.6"
"2011-12-11","29"
"2011-12-12","29.6"
"2011-12-13","29.4"
"2011-12-14","29.8"
"2011-12-15","29.2"
"2011-12-16","29.4"
"2011-12-17","30"
"2011-12-18","29"
"2011-12-19","28"
"2011-12-20","29"
"2011-12-21",""
"2011-12-22","30.4"
"2011-12-23","30"
"2011-12-24","31"
"2011-12-25","28"
"2011-12-26","28.6"
"2011-12-27","29.3"
"2011-12-28","29"
"2011-12-29","29.8"
"2011-12-30","30"
"2011-12-31","29.8"
"2012-01-01","27.2"
"2012-01-02","28.6"
"2012-01-03","31.2"
"2012-01-04","30.4"
"2012-01-05","30.1"
"2012-01-06","28.8"
"2012-01-07","27"
"2012-01-08","27"
"2012-01-09","27.4"
"2012-01-10","25.4"
"2012-01-11","25.4"
"2012-01-12","28"
"2012-01-13","25.6"
"2012-01-14","27.4"
"2012-01-15","28"
"2012-01-16","30.6"
"2012-01-17","27.4"
"2012-01-18","27.6"
"2012-01-19","30.4"
"2012-01-20","29"
"2012-01-21","28.5"
"2012-01-22","28"
"2012-01-23","26.6"
"2012-01-24","29.2"
"2012-01-25","25.8"
"2012-01-26","27.6"
"2012-01-27","28.6"
"2012-01-28","27.8"
"2012-01-29","27"
"2012-01-30","29.4"
"2012-01-31","25.8"
"2012-02-01","29.8"
"2012-02-02","27.8"
"2012-02-03","28.4"
"2012-02-04","27"
"2012-02-05","29.8"
"2012-02-06","29.2"
"2012-02-07","30.6"
"2012-02-08","30.4"
"2012-02-09","29.6"
"2012-02-10","28.6"
"2012-02-11","29"
"2012-02-12","28"
"2012-02-13","29.8"
"2012-02-14","31.2"
"2012-02-15","29.8"
"2012-02-16","27.2"
"2012-02-17","28"
"2012-02-18","31"
"2012-02-19","25.2"
"2012-02-20","27.4"
"2012-02-21","29"
"2012-02-22","30.4"
"2012-02-23","28.4"
"2012-02-24","28.4"
"2012-02-25","29.2"
"2012-02-26","29"
"2012-02-27","27.4"
"2012-02-28",""
"2012-02-29","27.4"
"2012-03-01","27.6"
"2012-03-02","30"
"2012-03-03","29.4"
"2012-03-04","29"
"2012-03-05","28.4"
"2012-03-06","30"
"2012-03-07","30.4"
"2012-03-08","25.8"
"2012-03-09","27.6"
"2012-03-10","26.8"
"2012-03-11","27.2"
"2012-03-12","28.6"
"2012-03-13","27.6"
"2012-03-14","27.8"
"2012-03-15","28.4"
"2012-03-16","28.7"
"2012-03-17","27"
"2012-03-18","28"
"2012-03-19","29"
"2012-03-20","27.4"
"2012-03-21","29.3"
"2012-03-22","30.4"
"2012-03-23","31"
"2012-03-24","31.2"
"2012-03-25","30.8"
"2012-03-26","29.2"
"2012-03-27","29.2"
"2012-03-28","30.3"
"2012-03-29","29"
"2012-03-30","29"
"2012-03-31","28.3"
"2012-04-01","27.8"
"2012-04-02","29.4"
"2012-04-03","28"
"2012-04-04","28.4"
"2012-04-05","28.2"
"2012-04-06","28"
"2012-04-07","29"
"2012-04-08","27.6"
"2012-04-09","29"
"2012-04-10","27.8"
"2012-04-11","28.6"
"2012-04-12","29.4"
"2012-04-13","29"
"2012-04-14","28.4"
"2012-04-15","27.5"
"2012-04-16","28.8"
"2012-04-17","29"
"2012-04-18","29.4"
"2012-04-19","29.6"
"2012-04-20","28.4"
"2012-04-21","29.2"
"2012-04-22","28.7"
"2012-04-23","29.6"
"2012-04-24","30.6"
"2012-04-25","30.4"
"2012-04-26","29.8"
"2012-04-27","29.6"
"2012-04-28","30"
"2012-04-29","28"
"2012-04-30","27.8"
"2012-05-01","29"
"2012-05-02","31.3"
"2012-05-03","30.2"
"2012-05-04","29.7"
"2012-05-05","28.9"
"2012-05-06","27.8"
"2012-05-07","25.4"
"2012-05-08","27.4"
"2012-05-09","28.8"
"2012-05-10","30.8"
"2012-05-11","29.6"
"2012-05-12","30.2"
"2012-05-13","30.6"
"2012-05-14","28.8"
"2012-05-15","26.6"
"2012-05-16","28"
"2012-05-17","29.8"
"2012-05-18","28.4"
"2012-05-19","30.7"
"2012-05-20","28.2"
"2012-05-21","30.6"
"2012-05-22","30.4"
"2012-05-23","29.8"
"2012-05-24","30.2"
"2012-05-25","29.8"
"2012-05-26","29"
"2012-05-27","29.5"
"2012-05-28","28.2"
"2012-05-29","29.8"
"2012-05-30","27.2"
"2012-05-31","31.3"
"2012-06-01","28.4"
"2012-06-02","29"
"2012-06-03","29.2"
"2012-06-04","29.2"
"2012-06-05","26.2"
"2012-06-06","26.4"
"2012-06-07","28.6"
"2012-06-08","30.5"
"2012-06-09","27.8"
"2012-06-10","28.4"
"2012-06-11","28"
"2012-06-12","28"
"2012-06-13","29"
"2012-06-14","29.7"
"2012-06-15","30"
"2012-06-16","31.4"
"2012-06-17","30.4"
"2012-06-18","29.6"
"2012-06-19","29.8"
"2012-06-20","29.8"
"2012-06-21","31"
"2012-06-22","28.2"
"2012-06-23","28.9"
"2012-06-24","30.3"
"2012-06-25","29.2"
"2012-06-26","28.6"
"2012-06-27","28.2"
"2012-06-28","29.8"
"2012-06-29","29.7"
"2012-06-30","30"
"2012-07-01","29.2"
"2012-07-02","30.2"
"2012-07-03","30"
"2012-07-04","28.6"
"2012-07-05","29.4"
"2012-07-06","29"
"2012-07-07","29.4"
"2012-07-08","30"
"2012-07-09","28.5"
"2012-07-10","29.2"
"2012-07-11","29.2"
"2012-07-12","27.8"
"2012-07-13","28.8"
"2012-07-14","29.4"
"2012-07-15","30"
"2012-07-16","29.4"
"2012-07-17","29.2"
"2012-07-18","28.2"
"2012-07-19","28.3"
"2012-07-20","28.4"
"2012-07-21","30"
"2012-07-22","31.8"
"2012-07-23","31"
"2012-07-24","29.4"
"2012-07-25","29.4"
"2012-07-26","28.5"
"2012-07-27","29.5"
"2012-07-28","30.4"
"2012-07-29","30.2"
"2012-07-30","29.4"
"2012-07-31","29"
"2012-08-01","29.2"
"2012-08-02","29.8"
"2012-08-03","29"
"2012-08-04","29"
"2012-08-05","31"
"2012-08-06","31"
"2012-08-07","31"
"2012-08-08","31"
"2012-08-09","29.8"
"2012-08-10","30"
"2012-08-11","30"
"2012-08-12","29.6"
"2012-08-13","32.6"
"2012-08-14","30"
"2012-08-15","30.5"
"2012-08-16","30.2"
"2012-08-17","30.1"
"2012-08-18","30"
"2012-08-19","30.6"
"2012-08-20","30.4"
"2012-08-21","30"
"2012-08-22","30.7"
"2012-08-23","30.3"
"2012-08-24","30.6"
"2012-08-25","31"
"2012-08-26","30.8"
"2012-08-27","30.6"
"2012-08-28","30.7"
"2012-08-29","30.6"
"2012-08-30","30.8"
"2012-08-31","31"
"2012-09-01","31"
"2012-09-02","31"
"2012-09-03","29.4"
"2012-09-04","30.7"
"2012-09-05","30.8"
"2012-09-06","29.6"
"2012-09-07","30.4"
"2012-09-08","30.4"
"2012-09-09","31"
"2012-09-10","31.2"
"2012-09-11","32.2"
"2012-09-12","31.2"
"2012-09-13","31.8"
"2012-09-14","31.6"
"2012-09-15","30.4"
"2012-09-16","33.4"
"2012-09-17","31.8"
"2012-09-18","31.8"
"2012-09-19","31.2"
"2012-09-20","30.6"
"2012-09-21","30.6"
"2012-09-22","31.5"
"2012-09-23","31.6"
"2012-09-24","30.8"
"2012-09-25","30.8"
"2012-09-26","30.8"
"2012-09-27","30.9"
"2012-09-28","29.2"
"2012-09-29","30.3"
"2012-09-30","30.2"
"2012-10-01","31"
"2012-10-02","31.3"
"2012-10-03","32"
"2012-10-04","31"
"2012-10-05","30.4"
"2012-10-06","27.2"
"2012-10-07","28.9"
"2012-10-08","28.4"
"2012-10-09","28.8"
"2012-10-10","31.4"
"2012-10-11","33.8"
"2012-10-12","30.8"
"2012-10-13","31.4"
"2012-10-14","31.4"
"2012-10-15","31.4"
"2012-10-16","32.3"
"2012-10-17","30"
"2012-10-18","29.8"
"2012-10-19","28.2"
"2012-10-20","31.2"
"2012-10-21","30.8"
"2012-10-22","31.6"
"2012-10-23","33.7"
"2012-10-24","34"
"2012-10-25","30.4"
"2012-10-26","31"
"2012-10-27","31.2"
"2012-10-28","31.2"
"2012-10-29","29.8"
"2012-10-30","29.4"
"2012-10-31","29.6"
"2012-11-01","32.7"
"2012-11-02","32"
"2012-11-03","29"
"2012-11-04","30.2"
"2012-11-05","30.8"
"2012-11-06","30.4"
"2012-11-07","32.4"
"2012-11-08","29.4"
"2012-11-09","28.4"
"2012-11-10","29.6"
"2012-11-11","29.2"
"2012-11-12","29"
"2012-11-13","28.8"
"2012-11-14","30.1"
"2012-11-15","29.5"
"2012-11-16","29"
"2012-11-17","29.2"
"2012-11-18","27"
"2012-11-19","28"
"2012-11-20","30"
"2012-11-21","29.2"
"2012-11-22","26.6"
"2012-11-23","26"
"2012-11-24","28.4"
"2012-11-25","28.7"
"2012-11-26","28.5"
"2012-11-27","27.2"
"2012-11-28","28.6"
"2012-11-29","30.8"
"2012-11-30","27.2"
"2012-12-01","30"
"2012-12-02","28"
"2012-12-03","28.8"
"2012-12-04","29"
"2012-12-05","29.2"
"2012-12-06","26.2"
"2012-12-07","28.2"
"2012-12-08","27"
"2012-12-09","31.2"
"2012-12-10","30.2"
"2012-12-11","28.9"
"2012-12-12","28.7"
"2012-12-13","30.4"
"2012-12-14","28.6"
"2012-12-15","31.2"
"2012-12-16","29.8"
"2012-12-17","29.4"
"2012-12-18","29"
"2012-12-19","30.4"
"2012-12-20","29.1"
"2012-12-21","28.2"
"2012-12-22","28.4"
"2012-12-23","29"
"2012-12-24","28"
"2012-12-25","29.6"
"2012-12-26","28.5"
"2012-12-27","30"
"2012-12-28","28.4"
"2012-12-29","29"
"2012-12-30","30.2"
"2012-12-31","29.8"
"2013-01-01","30.7"
"2013-01-02","29.4"
"2013-01-03","30.5"
"2013-01-04","28.6"
"2013-01-05","28.4"
"2013-01-06","27"
"2013-01-07","28.8"
"2013-01-08","28.8"
"2013-01-09","27.8"
"2013-01-10","28.8"
"2013-01-11","27"
"2013-01-12","28"
"2013-01-13","27"
"2013-01-14","27.4"
"2013-01-15","26.3"
"2013-01-16","26"
"2013-01-17","23"
"2013-01-18","25"
"2013-01-19","28.8"
"2013-01-20","29.6"
"2013-01-21","28.7"
"2013-01-22","28.8"
"2013-01-23","28.6"
"2013-01-24","28"
"2013-01-25","27.4"
"2013-01-26","30.2"
"2013-01-27","29.6"
"2013-01-28","30"
"2013-01-29","29.7"
"2013-01-30","30"
"2013-01-31","29.6"
"2013-02-01","29.6"
"2013-02-02","27.5"
"2013-02-03","29"
"2013-02-04","28.4"
"2013-02-05","29.4"
"2013-02-06","28.2"
"2013-02-07","28.8"
"2013-02-08","29.4"
"2013-02-09","29.4"
"2013-02-10","29.6"
"2013-02-11","29"
"2013-02-12","29"
"2013-02-13","28.1"
"2013-02-14","28.6"
"2013-02-15","30.2"
"2013-02-16","28.8"
"2013-02-17","27"
"2013-02-18","27.8"
"2013-02-19","27.8"
"2013-02-20","27.3"
"2013-02-21","27.6"
"2013-02-22","27.8"
"2013-02-23","27.4"
"2013-02-24","27.4"
"2013-02-25","29.8"
"2013-02-26","28.9"
"2013-02-27","28.2"
"2013-02-28","30.2"
"2013-03-01","29.8"
"2013-03-02","30.3"
"2013-03-03","31"
"2013-03-04","27.6"
"2013-03-05","27"
"2013-03-06","29.7"
"2013-03-07","30.6"
"2013-03-08","30.3"
"2013-03-09","30"
"2013-03-10","30.2"
"2013-03-11","31.2"
"2013-03-12","28.4"
"2013-03-13","30.7"
"2013-03-14","30.7"
"2013-03-15","29.4"
"2013-03-16","30.4"
"2013-03-17","30.5"
"2013-03-18","30.3"
"2013-03-19","27.8"
"2013-03-20","27.2"
"2013-03-21","29.3"
"2013-03-22","28.4"
"2013-03-23","29.3"
"2013-03-24","29.2"
"2013-03-25","28.2"
"2013-03-26","28.5"
"2013-03-27","29.5"
"2013-03-28","30.8"
"2013-03-29","30.6"
"2013-03-30","30.6"
"2013-03-31","31.4"
"2013-04-01","29.6"
"2013-04-02","28.6"
"2013-04-03","28.8"
"2013-04-04","28.4"
"2013-04-05","30.6"
"2013-04-06","26.8"
"2013-04-07","27.2"
"2013-04-08","28.4"
"2013-04-09","30.2"
"2013-04-10","29.6"
"2013-04-11","30.2"
"2013-04-12","29.2"
"2013-04-13","29"
"2013-04-14","30.4"
"2013-04-15","29.8"
"2013-04-16","29.5"
"2013-04-17","29.8"
"2013-04-18","25.4"
"2013-04-19","28.6"
"2013-04-20","29.6"
"2013-04-21","29.4"
"2013-04-22","27.5"
"2013-04-23","29.4"
"2013-04-24","28.6"
"2013-04-25","28.8"
"2013-04-26","30.3"
"2013-04-27","29"
"2013-04-28","28.4"
"2013-04-29","30"
"2013-04-30","31.4"
"2013-05-01","29.2"
"2013-05-02","29"
"2013-05-03","29.8"
"2013-05-04","30"
"2013-05-05","29.4"
"2013-05-06","30.8"
"2013-05-07","29.6"
"2013-05-08","29"
"2013-05-09","28.2"
"2013-05-10","29.8"
"2013-05-11","27.9"
"2013-05-12","27.6"
"2013-05-13","26"
"2013-05-14","29.4"
"2013-05-15","28.4"
"2013-05-16","30.5"
"2013-05-17","29.4"
"2013-05-18","30.1"
"2013-05-19","28.8"
"2013-05-20","28.8"
"2013-05-21","28.6"
"2013-05-22","28.2"
"2013-05-23","30.4"
"2013-05-24","29.2"
"2013-05-25","27"
"2013-05-26","27.1"
"2013-05-27","25"
"2013-05-28","27"
"2013-05-29","29.2"
"2013-05-30","28.4"
"2013-05-31","28.2"
"2013-06-01","28.5"
"2013-06-02","28.8"
"2013-06-03","26.4"
"2013-06-04","29"
"2013-06-05","29"
"2013-06-06","24.6"
"2013-06-07","27.2"
"2013-06-08","28"
"2013-06-09","29"
"2013-06-10","29.4"
"2013-06-11","27.4"
"2013-06-12","26.4"
"2013-06-13","24.8"
"2013-06-14","27.8"
"2013-06-15","29.5"
"2013-06-16","29.6"
"2013-06-17","28.2"
"2013-06-18","28.8"
"2013-06-19","28.8"
"2013-06-20","29.4"
"2013-06-21","28.1"
"2013-06-22","29.2"
"2013-06-23","29.8"
"2013-06-24","29.8"
"2013-06-25","30.5"
"2013-06-26","30.6"
"2013-06-27","29.6"
"2013-06-28","28.3"
"2013-06-29","28.8"
"2013-06-30","28.3"
"2013-07-01","29"
"2013-07-02","27.8"
"2013-07-03","27.8"
"2013-07-04","25"
"2013-07-05","28"
"2013-07-06","28.5"
"2013-07-07","28.3"
"2013-07-08","29.4"
"2013-07-09","29"
"2013-07-10","27"
"2013-07-11","29.2"
"2013-07-12","27"
"2013-07-13","26.5"
"2013-07-14","26.4"
"2013-07-15","28.2"
"2013-07-16","29.4"
"2013-07-17","28.8"
"2013-07-18","27.3"
"2013-07-19","29"
"2013-07-20","26.6"
"2013-07-21","28.7"
"2013-07-22","23.4"
"2013-07-23","28.8"
"2013-07-24","28.8"
"2013-07-25","29"
"2013-07-26","29"
"2013-07-27","28.8"
"2013-07-28","29"
"2013-07-29","29"
"2013-07-30","27"
"2013-07-31","29"
"2013-08-01","28.6"
"2013-08-02","28.5"
"2013-08-03","28"
"2013-08-04","28.4"
"2013-08-05","27"
"2013-08-06","29.2"
"2013-08-07","29.2"
"2013-08-08","29"
"2013-08-09","28.6"
"2013-08-10","28.3"
"2013-08-11","29.2"
"2013-08-12","29.8"
"2013-08-13","29"
"2013-08-14","28.8"
"2013-08-15","30.4"
"2013-08-16","30.8"
"2013-08-17","30"
"2013-08-18","30.4"
"2013-08-19","28.9"
"2013-08-20","29.2"
"2013-08-21","29.2"
"2013-08-22","30.8"
"2013-08-23","31"
"2013-08-24","30.7"
"2013-08-25","29.9"
"2013-08-26","30.4"
"2013-08-27","30.8"
"2013-08-28","30"
"2013-08-29","29"
"2013-08-30","29.2"
"2013-08-31","28.4"
